,Date,Workout
0,2015-10-23 17:06,197
1,2015-10-23 17:06,265
2,2015-10-23 22:01,24
3,2015-10-23 22:01,26
4,2015-10-23 22:01,170
5,2015-10-24 10:19,274
6,2015-10-24 10:19,148
7,2015-10-24 10:19,66
8,2015-10-24 10:19,231
9,2015-10-24 10:19,182
10,2015-10-30 13:07,197
11,2015-10-30 13:07,265
12,2015-10-30 17:47,274
13,2015-10-30 17:47,182
14,2015-10-30 17:47,231
15,2015-10-30 17:47,278
16,2015-10-30 17:47,66
17,2015-11-01 11:23,24
18,2015-11-01 11:23,75
19,2015-11-04 19:21,197
20,2015-11-04 19:21,91
21,2015-11-04 19:21,265
22,2015-11-04 19:21,225
23,2015-11-06 16:48,274
24,2015-11-06 16:48,182
25,2015-11-06 16:48,148
26,2015-11-06 16:48,231
27,2015-11-06 16:48,66
28,2015-11-08 12:37,197
29,2015-11-08 12:37,91
30,2015-11-08 12:37,265
31,2015-11-08 12:37,225
32,2015-11-08 17:45,24
33,2015-11-08 17:45,75
34,2015-11-08 17:45,26
35,2015-11-08 17:45,28
36,2015-11-10 17:10,274
37,2015-11-10 17:10,231
38,2015-11-10 17:10,182
39,2015-11-10 17:10,278
40,2015-11-10 17:10,66
41,2015-11-12 18:24,91
42,2015-11-12 18:24,222
43,2015-11-12 18:24,265
44,2015-11-12 18:24,225
45,2015-11-15 11:30,24
46,2015-11-15 11:30,26
47,2015-11-16 18:10,274
48,2015-11-16 18:10,66
49,2015-11-16 18:10,272
50,2015-11-16 18:10,158
51,2015-11-16 18:10,182
52,2015-11-18 17:33,197
53,2015-11-18 17:33,198
54,2015-11-18 17:33,265
55,2015-11-18 17:33,222
56,2015-11-18 17:33,269
57,2015-11-21 18:32,274
58,2015-11-21 18:32,182
59,2015-11-21 18:32,272
60,2015-11-21 18:32,231
61,2015-11-21 18:32,66
62,2015-11-24 16:45,225
63,2015-11-24 16:45,265
64,2015-11-24 16:45,197
65,2015-11-24 16:45,91
66,2015-11-25 18:53,24
67,2015-11-26 11:43,274
68,2015-11-26 11:43,182
69,2015-11-26 11:43,231
70,2015-11-26 11:43,148
71,2015-11-26 11:43,66
72,2015-11-28 16:28,197
73,2015-11-28 16:28,265
74,2015-11-28 16:28,222
75,2015-11-28 16:28,256
76,2015-11-30 14:23,274
77,2015-11-30 14:23,182
78,2015-11-30 14:23,231
79,2015-11-30 14:23,272
80,2015-11-30 14:23,66
81,2015-12-02 17:13,197
82,2015-12-02 17:13,265
83,2015-12-02 17:13,222
84,2015-12-02 17:35,24
85,2015-12-04 14:01,274
86,2015-12-04 14:01,154
87,2015-12-04 14:01,148
88,2015-12-04 14:01,231
89,2015-12-04 14:01,272
90,2015-12-06 10:53,197
91,2015-12-06 10:53,91
92,2015-12-06 10:53,265
93,2015-12-06 10:53,225
94,2015-12-07 19:37,24
95,2015-12-07 19:37,170
96,2015-12-07 19:37,26
97,2015-12-09 12:44,274
98,2015-12-09 12:44,66
99,2015-12-09 12:44,148
100,2015-12-09 12:44,272
101,2015-12-09 12:44,231
102,2015-12-09 12:44,182
103,2015-12-11 16:21,197
104,2015-12-11 16:21,225
105,2015-12-11 16:21,256
106,2015-12-11 16:21,91
107,2015-12-12 15:29,24
108,2015-12-12 15:29,65
109,2015-12-15 18:28,274
110,2015-12-15 18:28,231
111,2015-12-15 18:28,182
112,2015-12-15 18:28,272
113,2015-12-15 18:28,66
114,2015-12-16 18:08,91
115,2015-12-16 18:08,222
116,2015-12-16 18:08,265
117,2015-12-16 18:08,225
118,2015-12-18 17:40,24
119,2015-12-18 17:40,65
120,2015-12-20 13:46,197
121,2015-12-20 13:46,265
122,2015-12-20 13:46,198
123,2015-12-20 13:46,269
124,2015-12-20 13:46,222
125,2015-12-22 17:22,274
126,2015-12-22 17:22,154
127,2015-12-22 17:22,182
128,2015-12-22 17:22,272
129,2015-12-22 17:22,231
130,2015-12-22 17:22,66
131,2015-12-23 17:53,24
132,2015-12-23 17:53,65
133,2015-12-23 17:53,26
134,2015-12-23 17:53,1
135,2015-12-24 11:40,197
136,2015-12-24 11:40,265
137,2015-12-24 11:40,222
138,2015-12-24 11:40,185
139,2015-12-24 11:40,221
140,2015-12-26 14:34,274
141,2015-12-26 14:34,148
142,2015-12-26 14:34,66
143,2015-12-26 14:34,231
144,2015-12-26 14:34,278
145,2015-12-26 14:34,182
146,2015-12-27 15:07,24
147,2015-12-27 15:07,144
148,2015-12-27 15:07,1
149,2015-12-28 19:05,91
150,2015-12-28 19:05,222
151,2015-12-28 19:05,265
152,2015-12-28 19:05,185
153,2015-12-28 19:05,225
154,2015-12-28 19:05,221
155,2015-12-31 17:38,274
156,2015-12-31 17:38,182
157,2015-12-31 17:38,148
158,2015-12-31 17:38,272
159,2015-12-31 17:38,278
160,2015-12-31 17:38,231
161,2015-12-31 17:38,66
162,2016-01-01 8:59,24
163,2016-01-02 13:58,197
164,2016-01-02 13:58,265
165,2016-01-02 13:58,222
166,2016-01-06 18:08,197
167,2016-01-06 18:08,265
168,2016-01-06 18:32,274
169,2016-01-06 18:32,278
170,2016-01-06 18:32,148
171,2016-01-08 17:50,24
172,2016-01-10 8:03,222
173,2016-01-10 8:03,265
174,2016-01-10 8:03,91
175,2016-01-10 8:03,225
176,2016-01-12 19:52,274
177,2016-01-12 19:52,278
178,2016-01-13 21:01,24
179,2016-01-15 20:06,197
180,2016-01-15 20:06,265
181,2016-01-15 20:06,91
182,2016-01-15 20:06,225
183,2016-01-23 14:20,197
184,2016-01-23 14:20,265
185,2016-01-23 14:20,274
186,2016-01-23 14:20,222
187,2016-01-24 12:18,274
188,2016-01-24 12:18,231
189,2016-01-24 12:18,182
190,2016-01-24 12:18,272
191,2016-01-24 12:18,66
192,2016-01-25 20:01,24
193,2016-01-25 20:01,65
194,2016-01-28 20:17,91
195,2016-01-28 20:17,265
196,2016-01-28 20:17,225
197,2016-01-30 15:01,274
198,2016-01-30 15:01,66
199,2016-01-30 15:01,148
200,2016-01-30 15:01,231
201,2016-01-30 15:01,182
202,2016-01-31 15:20,24
203,2016-01-31 15:20,144
204,2016-02-01 18:09,197
205,2016-02-01 18:09,265
206,2016-02-01 18:09,222
207,2016-02-04 18:37,274
208,2016-02-04 18:37,158
209,2016-02-05 20:09,197
210,2016-02-05 20:09,265
211,2016-02-11 13:33,274
212,2016-02-11 13:33,148
213,2016-02-11 13:33,272
214,2016-02-11 13:33,231
215,2016-02-11 13:33,278
216,2016-02-11 17:29,197
217,2016-02-11 17:29,225
218,2016-02-11 17:29,91
219,2016-02-15 15:25,274
220,2016-02-15 15:25,182
221,2016-02-15 15:25,231
222,2016-02-15 15:25,272
223,2016-02-15 15:25,66
224,2016-02-15 18:39,24
225,2016-02-16 18:39,197
226,2016-02-16 18:39,265
227,2016-02-23 13:32,222
228,2016-02-23 13:32,265
229,2016-02-23 13:32,225
230,2016-02-23 13:32,91
231,2016-02-23 21:04,24
232,2016-02-28 14:04,197
233,2016-02-28 14:04,91
234,2016-02-28 14:04,222
235,2016-02-28 14:04,225
236,2016-02-28 19:32,274
237,2016-02-28 19:32,182
238,2016-02-28 19:32,272
239,2016-02-28 19:32,231
240,2016-02-28 19:32,66
241,2016-02-29 19:08,24
242,2016-02-29 19:08,1
243,2016-02-29 19:08,28
244,2016-03-03 12:52,225
245,2016-03-03 12:52,265
246,2016-03-03 12:52,91
247,2016-03-03 17:39,24
248,2016-03-05 11:37,274
249,2016-03-05 11:37,231
250,2016-03-05 11:37,66
251,2016-03-05 11:37,272
252,2016-03-05 11:37,182
253,2016-03-06 12:25,197
254,2016-03-06 12:25,265
255,2016-03-06 12:25,256
256,2016-03-06 12:25,91
257,2016-03-06 12:25,138
258,2016-03-06 12:25,225
259,2016-03-08 18:32,24
260,2016-03-08 18:32,65
261,2016-03-08 18:32,26
262,2016-03-10 16:35,274
263,2016-03-10 16:35,231
264,2016-03-10 16:35,158
265,2016-03-11 18:08,91
266,2016-03-11 18:08,222
267,2016-03-11 18:08,1
268,2016-03-11 18:08,265
269,2016-03-11 18:08,225
270,2016-03-14 17:35,274
271,2016-03-14 17:35,154
272,2016-03-14 17:35,272
273,2016-03-14 17:35,231
274,2016-03-14 17:35,278
275,2016-03-15 19:03,197
276,2016-03-15 19:03,91
277,2016-03-15 19:03,265
278,2016-03-15 19:03,225
279,2016-03-17 19:45,24
280,2016-03-18 19:45,65
281,2016-03-18 19:45,1
282,2016-03-19 15:58,274
283,2016-03-19 15:58,158
284,2016-03-19 15:58,182
285,2016-03-19 15:58,241
286,2016-03-19 15:58,231
287,2016-03-19 15:58,278
288,2016-03-19 15:58,272
289,2016-03-19 15:58,66
290,2016-03-20 10:09,225
291,2016-03-20 10:09,265
292,2016-03-20 10:09,221
293,2016-03-20 10:09,1
294,2016-03-20 10:09,91
295,2016-03-20 10:09,185
296,2016-03-21 11:33,24
297,2016-03-21 11:33,26
298,2016-03-21 11:33,170
299,2016-03-23 18:35,274
300,2016-03-25 16:22,197
301,2016-03-28 15:20,24
302,2016-03-30 20:18,274
303,2016-03-30 20:18,158
304,2016-04-03 13:08,185
305,2016-04-03 13:08,265
306,2016-04-03 13:08,91
307,2016-04-03 13:08,221
308,2016-04-03 13:08,225
309,2016-04-03 17:02,274
310,2016-04-03 17:02,182
311,2016-04-03 17:02,158
312,2016-04-03 17:02,272
313,2016-04-03 17:02,231
314,2016-04-03 17:02,66
315,2016-04-05 18:38,24
316,2016-04-05 18:38,170
317,2016-04-05 18:38,28
318,2016-04-07 19:04,197
319,2016-04-07 19:04,91
320,2016-04-07 19:04,265
321,2016-04-07 19:04,222
322,2016-04-07 19:04,256
323,2016-04-07 19:04,225
324,2016-04-08 20:11,274
325,2016-04-08 20:11,231
326,2016-04-08 20:11,182
327,2016-04-08 20:11,272
328,2016-04-08 20:11,66
329,2016-04-10 14:11,24
330,2016-04-12 17:30,222
331,2016-04-12 17:30,265
332,2016-04-12 17:30,91
333,2016-04-12 17:30,225
334,2016-04-14 17:47,274
335,2016-04-14 17:47,231
336,2016-04-14 17:47,278
337,2016-04-14 17:47,272
338,2016-04-21 18:48,274
339,2016-04-21 18:48,278
340,2016-04-22 19:39,91
341,2016-04-22 19:39,265
342,2016-04-22 19:39,225
343,2016-04-23 19:51,24
344,2016-04-23 19:51,170
345,2016-04-26 22:29,274
346,2016-04-26 22:29,272
347,2016-04-26 22:29,278
348,2016-04-26 22:29,231
349,2016-04-27 18:13,197
350,2016-04-27 18:13,91
351,2016-04-27 18:13,265
352,2016-04-27 18:13,269
353,2016-04-27 18:13,225
354,2016-04-29 19:33,24
355,2016-04-29 19:33,170
356,2016-04-29 19:33,26
357,2016-04-30 18:42,274
358,2016-04-30 18:42,272
359,2016-04-30 18:42,231
360,2016-04-30 18:42,278
361,2016-05-01 15:43,197
362,2016-05-01 15:43,91
363,2016-05-01 15:43,225
364,2016-05-05 18:43,274
365,2016-05-05 18:43,231
366,2016-05-05 18:43,182
367,2016-05-05 18:43,278
368,2016-05-05 18:43,146
369,2016-05-05 18:43,66
370,2016-05-06 18:56,24
371,2016-05-06 18:56,170
372,2016-05-10 20:54,197
373,2016-05-10 20:54,91
374,2016-05-10 20:54,265
375,2016-05-10 20:54,225
376,2016-05-11 17:15,274
377,2016-05-11 17:15,278
378,2016-05-15 16:48,265
379,2016-05-15 16:48,225
380,2016-05-15 16:48,91
381,2016-05-18 18:06,24
382,2016-05-18 18:06,75
383,2016-05-18 18:06,28
384,2016-05-20 18:42,197
385,2016-05-20 18:42,91
386,2016-05-20 18:42,265
387,2016-05-20 18:42,225
388,2016-05-21 14:44,274
389,2016-05-21 14:44,278
390,2016-05-21 14:44,272
391,2016-05-21 14:44,148
392,2016-06-02 19:23,265
393,2016-06-02 19:23,225
394,2016-06-02 19:23,91
395,2016-06-06 20:41,197
396,2016-06-06 20:41,91
397,2016-06-06 20:41,265
398,2016-06-06 20:41,225
399,2016-06-07 14:02,274
400,2016-06-07 14:02,272
401,2016-06-07 14:02,278
402,2016-06-07 14:02,231
403,2016-06-11 18:49,274
404,2016-06-11 18:49,182
405,2016-06-11 18:49,66
406,2016-06-12 13:30,24
407,2016-06-12 13:30,26
408,2016-06-15 6:04,265
409,2016-06-15 6:04,91
410,2016-06-15 6:04,225
411,2016-06-18 12:39,274
412,2016-06-18 12:39,182
413,2016-06-18 12:39,231
414,2016-06-18 12:39,66
415,2016-06-19 12:39,24
416,2016-06-20 17:06,225
417,2016-06-20 17:06,265
418,2016-06-20 17:06,91
419,2016-06-24 18:24,274
420,2016-06-24 18:24,182
421,2016-06-24 18:24,278
422,2016-06-24 18:24,231
423,2016-06-24 18:24,66
424,2016-06-25 16:55,197
425,2016-06-25 16:55,221
426,2016-06-25 16:55,269
427,2016-06-26 14:01,24
428,2016-06-30 22:07,197
429,2016-06-30 22:07,91
430,2016-06-30 22:07,265
431,2016-06-30 22:07,221
432,2016-06-30 22:07,225
433,2016-07-17 17:21,274
434,2016-07-17 17:21,158
435,2016-07-17 17:21,148
436,2016-07-17 17:21,231
437,2016-07-17 17:21,272
438,2016-07-17 17:21,278
439,2016-07-30 14:46,197
440,2016-07-30 14:46,220
441,2016-07-30 14:46,265
442,2016-07-31 17:39,24
443,2016-08-04 19:23,274
444,2016-08-04 19:23,66
445,2016-08-04 19:23,231
446,2016-08-04 19:23,272
447,2016-08-04 19:23,278
448,2016-08-05 21:52,24
449,2016-08-05 21:52,144
450,2016-08-07 14:21,197
451,2016-08-07 14:21,220
452,2016-08-07 14:21,221
453,2016-08-09 18:10,274
454,2016-08-09 18:10,66
455,2016-08-13 16:01,225
456,2016-08-13 16:01,265
457,2016-08-13 16:01,221
458,2016-08-13 19:27,24
459,2016-08-13 19:27,144
460,2016-08-15 19:30,274
461,2016-08-15 19:30,66
462,2016-08-15 19:30,231
463,2016-08-19 17:32,24
464,2016-08-19 17:32,144
465,2016-08-19 17:32,26
466,2016-08-20 19:18,274
467,2016-08-20 19:18,158
468,2016-08-20 19:18,231
469,2016-08-20 19:18,272
470,2016-08-20 19:18,146
471,2016-08-22 12:49,225
472,2016-08-22 12:49,265
473,2016-08-24 21:08,24
474,2016-08-24 21:08,144
475,2016-08-24 21:08,26
476,2016-08-25 22:09,274
477,2016-08-25 22:09,66
478,2016-08-25 22:09,158
479,2016-08-25 22:09,272
480,2016-08-25 22:09,278
481,2016-08-25 22:09,146
482,2016-08-26 17:05,197
483,2016-08-26 17:05,220
484,2016-08-26 17:05,185
485,2016-08-26 17:05,210
486,2016-08-26 17:05,221
487,2016-08-26 17:05,269
488,2016-08-28 17:39,24
489,2016-08-28 17:39,26
490,2016-08-28 17:39,144
491,2016-08-30 20:43,225
492,2016-08-30 20:43,265
493,2016-08-30 20:43,198
494,2016-08-31 14:10,274
495,2016-08-31 14:10,158
496,2016-08-31 14:10,231
497,2016-08-31 14:10,272
498,2016-08-31 14:10,146
499,2016-08-31 14:10,278
500,2016-09-02 4:51,24
501,2016-09-02 4:51,26
502,2016-09-02 4:51,65
503,2016-09-02 4:51,135
504,2016-09-03 10:36,197
505,2016-09-03 10:36,265
506,2016-09-03 10:36,220
507,2016-09-03 10:36,269
508,2016-09-03 10:36,222
509,2016-09-04 16:24,274
510,2016-09-04 16:24,158
511,2016-09-04 16:24,146
512,2016-09-04 16:24,154
513,2016-09-04 16:24,148
514,2016-09-04 16:24,278
515,2016-09-06 19:56,24
516,2016-09-06 19:56,144
517,2016-09-06 19:56,26
518,2016-09-06 19:56,65
519,2016-09-06 19:56,30
520,2016-09-07 15:59,225
521,2016-09-07 15:59,265
522,2016-09-09 14:22,274
523,2016-09-09 14:22,66
524,2016-09-09 14:22,158
525,2016-09-09 14:22,148
526,2016-09-09 14:22,231
527,2016-09-09 14:22,272
528,2016-09-09 14:22,146
529,2016-09-10 14:22,24
530,2016-09-10 14:22,26
531,2016-09-10 14:22,28
532,2016-09-11 11:50,222
533,2016-09-11 11:50,225
534,2016-09-11 11:50,265
535,2016-09-11 11:50,198
536,2016-09-11 11:50,220
537,2016-09-13 6:51,274
538,2016-09-13 6:51,158
539,2016-09-13 6:51,148
540,2016-09-13 6:51,231
541,2016-09-13 6:51,272
542,2016-09-13 6:51,146
543,2016-09-13 6:51,278
544,2016-09-14 15:21,24
545,2016-09-14 15:21,144
546,2016-09-14 15:21,170
547,2016-09-14 15:21,28
548,2016-09-15 18:46,197
549,2016-09-15 18:46,198
550,2016-09-15 18:46,222
551,2016-09-15 18:46,256
552,2016-09-15 18:46,185
553,2016-09-18 13:42,274
554,2016-09-18 13:42,158
555,2016-09-18 13:42,231
556,2016-09-18 13:42,272
557,2016-09-18 13:42,146
558,2016-09-18 13:42,278
559,2016-09-18 13:42,276
560,2016-09-19 17:41,24
561,2016-09-19 17:41,26
562,2016-09-19 17:41,65
563,2016-09-19 17:41,170
564,2016-09-20 14:53,222
565,2016-09-20 14:53,225
566,2016-09-20 14:53,265
567,2016-09-22 16:51,274
568,2016-09-22 16:51,231
569,2016-09-22 16:51,146
570,2016-09-22 16:51,148
571,2016-09-22 16:51,278
572,2016-09-23 22:01,24
573,2016-09-23 22:01,65
574,2016-09-23 22:01,170
575,2016-09-23 22:01,28
576,2016-09-23 22:01,26
577,2016-09-24 17:16,197
578,2016-09-24 17:16,220
579,2016-09-24 17:16,198
580,2016-09-24 17:16,185
581,2016-09-24 17:16,222
582,2016-09-24 17:16,256
583,2016-09-26 17:12,274
584,2016-09-26 17:12,158
585,2016-09-26 17:12,231
586,2016-09-26 17:12,272
587,2016-09-26 17:12,278
588,2016-09-26 17:12,146
589,2016-09-26 17:12,276
590,2016-09-28 15:33,225
591,2016-09-28 15:33,222
592,2016-09-28 15:33,265
593,2016-09-29 21:58,24
594,2016-09-29 21:58,26
595,2016-09-30 21:54,274
596,2016-09-30 21:54,154
597,2016-09-30 21:54,278
598,2016-09-30 21:54,276
599,2016-09-30 21:54,272
600,2016-10-02 19:03,197
601,2016-10-02 19:03,198
602,2016-10-02 19:03,265
603,2016-10-04 11:11,24
604,2016-10-04 11:11,26
605,2016-10-04 11:11,65
606,2016-10-06 17:41,274
607,2016-10-06 17:41,66
608,2016-10-06 17:41,231
609,2016-10-06 17:41,272
610,2016-10-06 17:41,278
611,2016-10-07 14:32,225
612,2016-10-07 14:32,265
613,2016-10-07 14:32,221
614,2016-10-09 17:05,24
615,2016-10-09 17:05,26
616,2016-10-09 17:05,65
617,2016-10-09 17:05,28
618,2016-10-11 17:17,274
619,2016-10-11 17:17,66
620,2016-10-11 17:17,231
621,2016-10-11 17:17,272
622,2016-10-12 17:38,197
623,2016-10-12 17:38,220
624,2016-10-12 17:38,198
625,2016-10-13 16:31,24
626,2016-10-13 16:31,26
627,2016-10-13 16:31,65
628,2016-10-13 16:31,28
629,2016-10-13 16:31,147
630,2016-10-15 18:08,274
631,2016-10-15 18:08,231
632,2016-10-15 18:08,272
633,2016-10-15 18:08,278
634,2016-10-15 18:08,276
635,2016-10-16 16:15,225
636,2016-10-16 16:15,265
637,2016-10-17 16:43,24
638,2016-10-17 16:43,30
639,2016-10-17 16:43,147
640,2016-10-19 18:17,274
641,2016-10-19 18:17,148
642,2016-10-19 18:17,231
643,2016-10-20 22:11,197
644,2016-10-20 22:11,198
645,2016-10-21 19:25,24
646,2016-10-21 19:25,26
647,2016-10-21 19:25,28
648,2016-10-21 19:25,147
649,2016-10-23 13:14,274
650,2016-10-23 13:14,148
651,2016-10-23 13:14,231
652,2016-10-23 13:14,272
653,2016-10-23 13:14,278
654,2016-10-24 14:07,197
655,2016-10-24 14:07,220
656,2016-10-24 14:07,198
657,2016-10-26 18:05,24
658,2016-10-26 18:05,26
659,2016-10-26 18:05,147
660,2016-10-27 20:33,274
661,2016-10-27 20:33,66
662,2016-10-27 20:33,148
663,2016-10-27 20:33,272
664,2016-10-28 20:25,225
665,2016-10-28 20:25,265
666,2016-10-28 20:25,221
667,2016-10-30 17:36,24
668,2016-10-30 17:36,26
669,2016-10-30 17:36,147
670,2016-10-30 17:36,30
671,2016-10-30 17:36,28
672,2016-10-31 18:42,274
673,2016-10-31 18:42,148
674,2016-10-31 18:42,231
675,2016-10-31 18:42,278
676,2016-10-31 18:42,276
677,2016-11-01 18:21,197
678,2016-11-01 18:21,198
679,2016-11-01 18:21,221
680,2016-11-04 18:41,24
681,2016-11-05 15:04,225
682,2016-11-05 15:04,265
683,2016-11-05 15:04,221
684,2016-11-06 14:07,274
685,2016-11-06 14:07,231
686,2016-11-06 14:07,66
687,2016-11-07 17:28,24
688,2016-11-07 17:28,26
689,2016-11-07 17:28,147
690,2016-11-07 17:28,30
691,2016-11-09 16:51,197
692,2016-11-09 16:51,198
693,2016-11-11 18:50,274
694,2016-11-11 18:50,66
695,2016-11-11 18:50,148
696,2016-11-11 18:50,231
697,2016-11-11 18:50,272
698,2016-11-12 12:29,24
699,2016-11-12 12:29,147
700,2016-11-12 12:29,26
701,2016-11-13 16:30,222
702,2016-11-13 16:30,225
703,2016-11-13 16:30,265
704,2016-11-13 16:30,221
705,2016-11-13 16:30,269
706,2016-11-15 17:17,274
707,2016-11-15 17:17,66
708,2016-11-15 17:17,231
709,2016-11-15 17:17,272
710,2016-11-15 17:17,146
711,2016-11-16 15:43,24
712,2016-11-16 15:43,65
713,2016-11-16 15:43,135
714,2016-11-18 15:18,197
715,2016-11-18 15:18,198
716,2016-11-18 15:18,221
717,2016-11-19 11:55,274
718,2016-11-19 11:55,154
719,2016-11-19 11:55,231
720,2016-11-19 11:55,272
721,2016-11-19 11:55,148
722,2016-11-21 19:04,24
723,2016-11-21 19:04,26
724,2016-11-21 19:04,144
725,2016-11-21 19:04,147
726,2016-11-21 19:04,135
727,2016-11-22 20:18,222
728,2016-11-22 20:18,225
729,2016-11-22 20:18,265
730,2016-11-23 17:08,274
731,2016-11-23 17:08,154
732,2016-11-23 17:08,231
733,2016-11-23 17:08,272
734,2016-11-23 17:08,146
735,2016-11-25 21:50,24
736,2016-11-25 21:50,26
737,2016-11-26 15:07,197
738,2016-11-26 15:07,220
739,2016-11-26 15:07,265
740,2016-11-27 16:59,274
741,2016-11-27 16:59,66
742,2016-11-27 16:59,231
743,2016-11-27 16:59,272
744,2016-11-27 16:59,146
745,2016-11-28 21:49,24
746,2016-11-30 19:27,225
747,2016-11-30 19:27,265
748,2016-12-01 20:28,274
749,2016-12-01 20:28,66
750,2016-12-01 20:28,231
751,2016-12-01 20:28,272
752,2016-12-03 17:22,24
753,2016-12-03 17:22,26
754,2016-12-04 19:22,197
755,2016-12-04 19:22,220
756,2016-12-04 19:22,265
757,2016-12-06 19:09,274
758,2016-12-06 19:09,154
759,2016-12-06 19:09,272
760,2016-12-08 18:55,225
761,2016-12-08 18:55,265
762,2016-12-10 16:51,24
763,2016-12-10 16:51,26
764,2016-12-10 16:51,147
765,2016-12-11 21:04,197
766,2016-12-11 21:04,198
767,2016-12-11 21:04,265
768,2016-12-13 18:16,274
769,2016-12-13 18:16,231
770,2016-12-13 18:16,272
771,2016-12-13 18:16,66
772,2016-12-16 18:08,197
773,2016-12-16 18:08,265
774,2016-12-18 18:34,274
775,2016-12-18 18:34,154
776,2016-12-18 18:34,278
777,2016-12-26 16:01,225
778,2016-12-26 16:01,265
779,2016-12-27 20:08,274
780,2016-12-27 20:08,231
781,2016-12-27 20:08,272
782,2016-12-27 20:08,278
783,2016-12-31 17:16,274
784,2016-12-31 17:16,66
785,2017-01-01 16:16,24
786,2017-01-01 16:16,26
787,2017-01-03 18:34,222
788,2017-01-03 18:34,225
789,2017-01-03 18:34,265
790,2017-01-05 19:10,274
791,2017-01-05 19:10,154
792,2017-01-05 19:10,231
793,2017-01-05 19:10,272
794,2017-01-08 6:09,197
795,2017-01-08 6:09,198
796,2017-01-09 6:09,274
797,2017-01-09 6:09,231
798,2017-01-09 6:09,146
799,2017-01-09 6:09,66
800,2017-01-09 6:09,148
801,2017-01-09 6:09,272
802,2017-01-11 20:33,24
803,2017-01-11 20:33,26
804,2017-01-11 20:33,147
805,2017-01-12 20:38,225
806,2017-01-12 20:38,265
807,2017-01-14 18:59,274
808,2017-01-17 20:48,197
809,2017-01-18 19:40,24
810,2017-01-18 19:40,26
811,2017-01-18 19:40,147
812,2017-01-20 15:57,274
813,2017-01-20 15:57,66
814,2017-01-22 18:53,225
815,2017-01-22 18:53,265
816,2017-01-24 21:08,24
817,2017-01-24 21:08,26
818,2017-01-24 21:08,147
819,2017-01-25 21:10,274
820,2017-01-28 14:51,197
821,2017-01-29 19:23,24
822,2017-01-29 19:23,26
823,2017-02-02 21:06,225
824,2017-02-02 21:06,265
825,2017-02-04 19:03,24
826,2017-02-04 19:03,26
827,2017-02-07 8:52,274
828,2017-02-07 8:52,231
829,2017-02-07 8:52,272
830,2017-02-07 8:52,278
831,2017-02-08 7:17,24
832,2017-02-10 15:18,222
833,2017-02-10 15:18,225
834,2017-02-10 15:18,265
835,2017-02-10 15:18,185
836,2017-02-11 14:33,274
837,2017-02-11 14:33,272
838,2017-02-11 14:33,144
839,2017-02-11 14:33,278
840,2017-02-14 20:59,197
841,2017-02-15 22:11,24
842,2017-02-16 12:06,274
843,2017-02-16 12:06,278
844,2017-02-16 12:06,144
845,2017-02-18 12:17,197
846,2017-02-18 12:17,185
847,2017-02-19 10:59,24
848,2017-02-19 10:59,26
849,2017-02-21 21:05,274
850,2017-02-21 21:05,231
851,2017-02-21 21:05,278
852,2017-02-22 16:51,225
853,2017-02-22 16:51,265
854,2017-02-25 15:30,24
855,2017-02-25 15:30,26
856,2017-02-27 7:26,274
857,2017-02-27 7:26,158
858,2017-02-27 7:26,231
859,2017-02-27 7:26,278
860,2017-03-02 21:41,197
861,2017-03-02 21:41,220
862,2017-03-02 21:41,265
863,2017-03-07 6:38,225
864,2017-03-07 6:38,185
865,2017-03-08 6:23,274
866,2017-03-08 6:23,278
867,2017-03-10 15:23,24
868,2017-03-10 15:23,26
869,2017-03-11 12:56,197
870,2017-03-11 12:56,265
871,2017-03-12 12:42,274
872,2017-03-16 9:04,274
873,2017-03-18 9:05,24
874,2017-03-18 9:05,65
875,2017-03-19 6:19,197
876,2017-03-19 6:19,185
877,2017-03-21 20:19,274
878,2017-03-21 20:19,231
879,2017-03-21 20:19,278
880,2017-03-25 14:52,274
881,2017-03-25 14:52,231
882,2017-03-25 14:52,278
883,2017-03-27 20:43,197
884,2017-03-27 20:43,185
885,2017-03-27 20:43,222
886,2017-04-02 10:30,24
887,2017-04-05 0:38,197
888,2017-04-05 0:38,220
889,2017-04-07 12:16,197
890,2017-04-09 19:16,274
891,2017-04-09 19:16,231
892,2017-04-09 19:16,272
893,2017-04-09 19:16,278
894,2017-04-09 19:16,148
895,2017-04-12 22:01,225
896,2017-04-12 22:01,185
897,2017-04-13 15:14,274
898,2017-04-13 15:14,278
899,2017-04-16 15:15,197
900,2017-04-16 15:15,265
901,2017-04-18 8:30,24
902,2017-04-18 8:30,26
903,2017-04-18 8:30,65
904,2017-04-21 11:51,225
905,2017-04-21 11:51,265
906,2017-04-23 16:23,24
907,2017-04-23 16:23,65
908,2017-04-27 12:29,197
909,2017-04-27 12:29,185
910,2017-05-03 20:07,225
911,2017-05-03 20:07,265
912,2017-05-04 15:26,274
913,2017-05-04 15:26,66
914,2017-05-06 11:41,24
915,2017-05-06 11:41,147
916,2017-05-06 11:41,28
917,2017-05-07 12:55,197
918,2017-05-07 12:55,265
919,2017-05-07 12:55,222
920,2017-05-07 12:55,198
921,2017-05-07 12:55,261
922,2017-05-10 21:21,24
923,2017-05-10 21:21,170
924,2017-05-10 21:21,28
925,2017-05-12 10:54,222
926,2017-05-12 10:54,225
927,2017-05-12 10:54,265
928,2017-05-14 11:20,274
929,2017-05-14 11:20,154
930,2017-05-14 11:20,66
931,2017-05-14 11:20,272
932,2017-05-15 18:02,24
933,2017-05-16 22:54,197
934,2017-05-16 22:54,265
935,2017-05-16 22:54,185
936,2017-05-21 12:14,222
937,2017-05-21 12:14,225
938,2017-05-21 12:14,265
939,2017-05-21 12:14,221
940,2017-05-23 21:03,274
941,2017-05-23 21:03,154
942,2017-05-23 21:03,146
943,2017-05-23 21:03,278
944,2017-05-30 21:15,24
945,2017-05-30 21:15,147
946,2017-05-30 21:15,28
947,2017-05-31 19:40,225
948,2017-05-31 19:40,265
949,2017-06-03 13:21,24
950,2017-06-03 13:21,144
951,2017-06-03 13:21,147
952,2017-06-04 0:50,197
953,2017-06-04 0:50,198
954,2017-06-04 0:50,221
955,2017-06-05 19:50,274
956,2017-06-05 19:50,278
957,2017-06-05 19:50,148
958,2017-06-05 19:50,272
959,2017-07-17 13:29,274
960,2017-07-17 13:29,66
961,2017-07-17 13:29,272
962,2017-07-20 21:58,197
963,2017-07-20 21:58,198
964,2017-07-20 21:58,261
965,2017-07-24 12:48,225
966,2017-07-24 12:48,265
967,2017-07-24 12:48,221
968,2017-07-24 12:48,261
969,2017-07-24 12:48,222
970,2017-07-28 22:34,197
971,2017-07-28 22:34,221
972,2017-07-28 22:34,265
973,2017-07-28 22:34,261
974,2017-07-28 22:34,222
975,2017-07-29 20:19,274
976,2017-07-29 20:19,154
977,2017-07-29 20:19,146
978,2017-07-29 20:19,278
979,2017-07-30 22:07,24
980,2017-07-30 22:07,28
981,2017-07-30 22:07,65
982,2017-07-30 22:07,144
983,2017-08-01 22:27,225
984,2017-08-01 22:27,265
985,2017-08-01 22:27,221
986,2017-08-02 19:31,274
987,2017-08-02 19:31,228
988,2017-08-02 19:31,272
989,2017-08-02 19:31,278
990,2017-08-05 14:59,197
991,2017-08-05 14:59,198
992,2017-08-06 20:13,24
993,2017-08-06 20:13,26
994,2017-08-07 22:47,274
995,2017-08-07 22:47,66
996,2017-08-07 22:47,231
997,2017-08-07 22:47,272
998,2017-08-09 21:16,225
999,2017-08-09 21:16,265
1000,2017-08-09 21:16,221
1001,2017-08-11 23:16,24
1002,2017-08-11 23:16,28
1003,2017-08-11 23:16,144
1004,2017-08-11 23:16,26
1005,2017-08-13 14:23,274
1006,2017-08-13 14:23,66
1007,2017-08-13 14:23,228
1008,2017-08-13 14:23,272
1009,2017-08-13 14:23,146
1010,2017-08-13 14:23,154
1011,2017-08-14 11:07,197
1012,2017-08-14 11:07,198
1013,2017-08-14 11:07,265
1014,2017-08-17 23:57,274
1015,2017-08-17 23:57,66
1016,2017-08-18 21:20,225
1017,2017-08-18 21:20,265
1018,2017-08-19 16:49,24
1019,2017-08-19 16:49,144
1020,2017-08-21 19:15,274
1021,2017-08-21 19:15,146
1022,2017-08-21 19:15,154
1023,2017-08-22 20:19,225
1024,2017-08-22 20:19,265
1025,2017-08-22 20:19,221
1026,2017-08-25 18:09,24
1027,2017-08-25 18:09,26
1028,2017-08-26 13:07,274
1029,2017-08-26 13:07,272
1030,2017-08-26 13:07,154
1031,2017-08-26 13:07,278
1032,2017-08-27 18:48,197
1033,2017-08-27 18:48,198
1034,2017-08-27 18:48,265
1035,2017-08-30 19:34,24
1036,2017-08-30 19:34,28
1037,2017-08-31 17:53,274
1038,2017-08-31 17:53,66
1039,2017-08-31 17:53,278
1040,2017-09-01 18:24,225
1041,2017-09-01 18:24,222
1042,2017-09-01 18:24,185
1043,2017-09-03 13:38,274
1044,2017-09-03 13:38,66
1045,2017-09-03 13:38,154
1046,2017-09-03 13:38,148
1047,2017-09-03 13:38,278
1048,2017-09-04 16:17,24
1049,2017-09-04 16:17,170
1050,2017-09-04 16:17,144
1051,2017-09-04 16:17,26
1052,2017-09-05 20:52,197
1053,2017-09-05 20:52,198
1054,2017-09-05 20:52,265
1055,2017-09-05 20:52,226
1056,2017-09-05 20:52,269
1057,2017-09-08 18:09,274
1058,2017-09-08 18:09,272
1059,2017-09-08 18:09,154
1060,2017-09-08 18:09,278
1061,2017-09-09 11:57,24
1062,2017-09-09 11:57,28
1063,2017-09-09 11:57,144
1064,2017-09-10 17:59,225
1065,2017-09-10 17:59,221
1066,2017-09-10 17:59,185
1067,2017-09-10 17:59,220
1068,2017-09-12 20:17,274
1069,2017-09-12 20:17,272
1070,2017-09-12 20:17,278
1071,2017-09-12 20:17,148
1072,2017-09-13 20:38,24
1073,2017-09-13 20:38,28
1074,2017-09-13 20:38,75
1075,2017-09-13 20:38,144
1076,2017-09-13 20:38,170
1077,2017-09-13 20:38,26
1078,2017-09-15 0:13,197
1079,2017-09-15 0:13,185
1080,2017-09-16 12:52,274
1081,2017-09-16 12:52,278
1082,2017-09-16 12:52,272
1083,2017-09-16 12:52,66
1084,2017-09-17 14:07,24
1085,2017-09-18 21:39,225
1086,2017-09-18 21:39,185
1087,2017-09-20 19:46,274
1088,2017-09-20 19:46,278
1089,2017-09-22 18:32,24
1090,2017-09-22 18:32,65
1091,2017-09-22 18:32,170
1092,2017-09-23 12:26,197
1093,2017-09-23 12:26,265
1094,2017-09-23 12:26,220
1095,2017-09-24 13:35,274
1096,2017-09-24 13:35,66
1097,2017-09-24 13:35,272
1098,2017-09-24 13:35,278
1099,2017-10-03 20:21,197
1100,2017-10-03 20:21,225
1101,2017-10-04 19:13,274
1102,2017-10-04 19:13,66
1103,2017-10-04 19:13,272
1104,2017-10-04 19:13,278
1105,2017-10-05 19:09,24
1106,2017-10-05 19:09,170
1107,2017-10-07 12:57,225
1108,2017-10-07 12:57,185
1109,2017-10-07 12:57,222
1110,2017-10-08 13:12,274
1111,2017-10-08 13:12,272
1112,2017-10-08 13:12,154
1113,2017-10-08 13:12,278
1114,2017-10-10 19:18,24
1115,2017-10-10 19:18,28
1116,2017-10-10 19:18,65
1117,2017-10-10 19:18,170
1118,2017-10-11 21:26,225
1119,2017-10-11 21:26,222
1120,2017-10-11 21:26,269
1121,2017-10-11 21:26,185
1122,2017-10-12 21:59,274
1123,2017-10-12 21:59,272
1124,2017-10-12 21:59,278
1125,2017-10-12 21:59,231
1126,2017-10-14 10:28,24
1127,2017-10-14 10:28,65
1128,2017-10-15 14:06,197
1129,2017-10-15 14:06,198
1130,2017-10-15 14:06,221
1131,2017-10-16 21:50,274
1132,2017-10-16 21:50,272
1133,2017-10-16 21:50,278
1134,2017-10-18 22:29,24
1135,2017-10-18 22:29,65
1136,2017-10-18 22:29,26
1137,2017-10-19 18:47,225
1138,2017-10-19 18:47,269
1139,2017-10-19 18:47,185
1140,2017-10-20 19:45,274
1141,2017-10-20 19:45,272
1142,2017-10-20 19:45,278
1143,2017-10-22 13:55,24
1144,2017-10-22 13:55,28
1145,2017-10-22 13:55,170
1146,2017-10-22 13:55,26
1147,2017-10-23 18:57,197
1148,2017-10-23 18:57,198
1149,2017-10-23 18:57,220
1150,2017-10-24 18:22,274
1151,2017-10-24 18:22,272
1152,2017-10-24 18:22,278
1153,2017-10-24 18:22,9
1154,2017-10-26 19:47,24
1155,2017-10-26 19:47,28
1156,2017-10-26 19:47,170
1157,2017-10-26 19:47,9
1158,2017-10-27 17:40,225
1159,2017-10-27 17:40,265
1160,2017-10-27 17:40,222
1161,2017-10-27 17:40,269
1162,2017-10-27 17:40,185
1163,2017-10-28 14:02,274
1164,2017-10-28 14:02,278
1165,2017-10-31 21:33,197
1166,2017-10-31 21:33,198
1167,2017-10-31 21:33,269
1168,2017-11-01 20:32,24
1169,2017-11-01 20:32,28
1170,2017-11-01 20:32,65
1171,2017-11-01 20:32,26
1172,2017-11-02 18:39,274
1173,2017-11-02 18:39,144
1174,2017-11-02 18:39,278
1175,2017-11-05 13:05,24
1176,2017-11-05 13:05,26
1177,2017-11-05 13:05,65
1178,2017-11-06 18:43,274
1179,2017-11-06 18:43,148
1180,2017-11-06 18:43,278
1181,2017-11-06 18:43,144
1182,2017-11-08 21:20,197
1183,2017-11-08 21:20,198
1184,2017-11-08 21:20,222
1185,2017-11-09 18:38,24
1186,2017-11-09 18:38,65
1187,2017-11-09 18:38,170
1188,2017-11-09 18:38,26
1189,2017-11-10 20:18,274
1190,2017-11-10 20:18,272
1191,2017-11-10 20:18,278
1192,2017-11-12 17:55,225
1193,2017-11-12 17:55,222
1194,2017-11-12 17:55,185
1195,2017-11-12 17:55,220
1196,2017-11-13 19:51,24
1197,2017-11-13 19:51,65
1198,2017-11-13 19:51,147
1199,2017-11-14 22:32,274
1200,2017-11-14 22:32,278
1201,2017-11-16 21:17,197
1202,2017-11-16 21:17,198
1203,2017-11-16 21:17,269
1204,2017-11-18 18:40,24
1205,2017-11-18 18:40,28
1206,2017-11-18 18:40,65
1207,2017-11-18 18:40,26
1208,2017-11-19 15:24,274
1209,2017-11-19 15:24,272
1210,2017-11-19 15:24,278
1211,2017-11-20 20:13,225
1212,2017-11-20 20:13,185
1213,2017-11-20 20:13,198
1214,2017-11-22 14:59,24
1215,2017-11-22 14:59,28
1216,2017-11-22 14:59,26
1217,2017-11-22 14:59,147
1218,2017-11-23 13:16,274
1219,2017-11-23 13:16,228
1220,2017-11-23 13:16,278
1221,2017-11-24 13:09,197
1222,2017-11-24 13:09,198
1223,2017-11-26 17:35,24
1224,2017-11-26 17:35,65
1225,2017-11-26 17:35,147
1226,2017-11-26 17:35,26
1227,2017-11-27 21:50,274
1228,2017-11-27 21:50,278
1229,2017-11-30 16:57,24
1230,2017-11-30 16:57,147
1231,2017-12-02 0:14,274
1232,2017-12-02 0:14,278
1233,2017-12-02 0:14,148
1234,2017-12-03 13:23,197
1235,2017-12-03 13:23,265
1236,2017-12-03 13:23,220
1237,2017-12-05 22:56,274
1238,2017-12-05 22:56,272
1239,2017-12-05 22:56,278
1240,2017-12-06 21:13,24
1241,2017-12-06 21:13,135
1242,2017-12-07 20:30,225
1243,2017-12-07 20:30,265
1244,2017-12-07 20:30,185
1245,2017-12-09 15:27,274
1246,2017-12-09 15:27,148
1247,2017-12-09 15:27,278
1248,2017-12-10 12:46,24
1249,2017-12-10 12:46,28
1250,2017-12-10 12:46,65
1251,2017-12-10 12:46,170
1252,2017-12-10 12:46,147
1253,2017-12-10 12:46,26
1254,2017-12-10 12:46,75
1255,2017-12-11 22:59,197
1256,2017-12-11 22:59,265
1257,2017-12-13 19:12,274
1258,2017-12-13 19:12,278
1259,2017-12-13 19:12,150
1260,2017-12-14 17:37,24
1261,2017-12-15 21:36,197
1262,2017-12-15 21:36,198
1263,2017-12-15 21:36,265
1264,2017-12-16 10:03,24
1265,2017-12-17 11:07,274
1266,2017-12-17 11:07,278
1267,2017-12-17 11:07,150
1268,2017-12-17 11:07,148
1269,2017-12-19 13:34,225
1270,2017-12-19 13:34,185
1271,2017-12-20 22:04,24
1272,2017-12-20 22:04,26
1273,2017-12-21 0:10,274
1274,2017-12-21 0:10,278
1275,2017-12-21 0:10,148
1276,2017-12-23 15:46,197
1277,2017-12-23 15:46,198
1278,2017-12-23 15:46,220
1279,2017-12-23 15:46,222
1280,2017-12-24 14:49,24
1281,2017-12-24 14:49,170
1282,2017-12-24 14:49,51
1283,2017-12-25 15:32,274
1284,2017-12-25 15:32,278
1285,2017-12-27 13:37,225
1286,2017-12-27 13:37,185
1287,2017-12-27 13:37,221
1288,2017-12-28 18:23,24
1289,2017-12-28 18:23,144
1290,2017-12-28 18:23,51
1291,2017-12-29 13:43,274
1292,2017-12-29 13:43,278
1293,2017-12-29 13:43,148
1294,2017-12-29 13:43,231
1295,2017-12-31 11:39,197
1296,2017-12-31 11:39,221
1297,2017-12-31 11:39,225
1298,2017-12-31 11:39,269
1299,2018-01-01 11:23,24
1300,2018-01-01 11:23,147
1301,2018-01-01 11:23,51
1302,2018-01-02 21:03,274
1303,2018-01-02 21:03,278
1304,2018-01-02 21:03,148
1305,2018-01-04 19:43,225
1306,2018-01-04 19:43,185
1307,2018-01-05 20:05,24
1308,2018-01-05 20:05,51
1309,2018-01-05 20:05,147
1310,2018-01-06 12:02,274
1311,2018-01-06 12:02,278
1312,2018-01-06 12:02,230
1313,2018-01-06 12:02,148
1314,2018-01-06 12:02,231
1315,2018-01-08 20:51,197
1316,2018-01-08 20:51,198
1317,2018-01-08 20:51,265
1318,2018-01-08 20:51,228
1319,2018-01-09 19:44,24
1320,2018-01-09 19:44,51
1321,2018-01-09 19:44,168
1322,2018-01-10 19:40,274
1323,2018-01-10 19:40,278
1324,2018-01-10 19:40,150
1325,2018-01-10 19:40,228
1326,2018-01-10 19:40,148
1327,2018-01-12 18:34,225
1328,2018-01-12 18:34,185
1329,2018-01-12 18:34,198
1330,2018-01-13 11:03,24
1331,2018-01-13 11:03,144
1332,2018-01-13 11:03,51
1333,2018-01-13 11:03,147
1334,2018-01-14 14:21,274
1335,2018-01-14 14:21,278
1336,2018-01-14 14:21,154
1337,2018-01-14 14:21,168
1338,2018-01-14 14:21,272
1339,2018-01-16 18:57,197
1340,2018-01-16 18:57,198
1341,2018-01-16 18:57,265
1342,2018-01-16 18:57,222
1343,2018-01-16 18:57,228
1344,2018-01-18 20:35,24
1345,2018-01-18 20:35,147
1346,2018-01-18 20:35,51
1347,2018-01-19 18:15,274
1348,2018-01-19 18:15,278
1349,2018-01-19 18:15,150
1350,2018-01-19 18:15,228
1351,2018-01-20 14:33,225
1352,2018-01-20 14:33,185
1353,2018-01-20 14:33,222
1354,2018-01-20 14:33,198
1355,2018-01-21 20:53,24
1356,2018-01-21 20:53,168
1357,2018-01-21 20:53,26
1358,2018-01-21 20:53,65
1359,2018-01-22 20:49,274
1360,2018-01-22 20:49,66
1361,2018-01-24 8:26,197
1362,2018-01-24 8:26,198
1363,2018-01-24 8:26,220
1364,2018-01-24 8:26,222
1365,2018-01-25 19:48,24
1366,2018-01-25 19:48,28
1367,2018-01-25 19:48,147
1368,2018-01-25 19:48,51
1369,2018-01-25 19:48,114
1370,2018-01-26 19:31,274
1371,2018-01-26 19:31,278
1372,2018-01-26 19:31,230
1373,2018-01-26 19:31,168
1374,2018-01-26 19:31,158
1375,2018-01-28 14:38,225
1376,2018-01-28 14:38,185
1377,2018-01-28 14:38,269
1378,2018-01-28 14:38,222
1379,2018-01-28 14:38,266
1380,2018-01-29 19:04,24
1381,2018-01-29 19:04,144
1382,2018-01-29 19:04,147
1383,2018-01-29 19:04,135
1384,2018-01-29 19:04,26
1385,2018-01-30 16:50,274
1386,2018-01-30 16:50,278
1387,2018-01-30 16:50,228
1388,2018-01-30 16:50,158
1389,2018-02-01 8:27,197
1390,2018-02-01 8:27,198
1391,2018-02-02 19:42,24
1392,2018-02-02 19:42,147
1393,2018-02-02 19:42,26
1394,2018-02-02 19:42,114
1395,2018-02-03 13:56,274
1396,2018-02-03 13:56,278
1397,2018-02-03 13:56,154
1398,2018-02-03 13:56,150
1399,2018-02-03 13:56,228
1400,2018-02-05 18:02,225
1401,2018-02-05 18:02,185
1402,2018-02-05 18:02,269
1403,2018-02-05 18:02,266
1404,2018-02-05 18:02,221
1405,2018-02-05 18:02,222
1406,2018-02-06 21:16,24
1407,2018-02-06 21:16,144
1408,2018-02-06 21:16,147
1409,2018-02-06 21:16,26
1410,2018-02-07 19:45,274
1411,2018-02-07 19:45,278
1412,2018-02-07 19:45,228
1413,2018-02-07 19:45,230
1414,2018-02-07 19:45,154
1415,2018-02-07 19:45,66
1416,2018-02-09 10:26,197
1417,2018-02-09 10:26,198
1418,2018-02-09 10:26,222
1419,2018-02-09 10:26,228
1420,2018-02-09 10:26,264
1421,2018-02-10 16:41,24
1422,2018-02-10 16:41,172
1423,2018-02-10 16:41,26
1424,2018-02-10 16:41,144
1425,2018-02-11 13:23,274
1426,2018-02-11 13:23,278
1427,2018-02-11 13:23,154
1428,2018-02-11 13:23,148
1429,2018-02-11 13:23,146
1430,2018-02-11 13:23,228
1431,2018-02-11 13:23,277
1432,2018-02-13 8:34,225
1433,2018-02-13 8:34,185
1434,2018-02-13 8:34,266
1435,2018-02-14 16:09,24
1436,2018-02-14 16:09,147
1437,2018-02-14 16:09,26
1438,2018-02-14 16:09,172
1439,2018-02-16 18:45,144
1440,2018-02-16 18:45,274
1441,2018-02-16 18:45,154
1442,2018-02-16 18:45,278
1443,2018-02-16 18:45,148
1444,2018-02-16 18:45,228
1445,2018-02-16 18:45,277
1446,2018-02-17 15:51,197
1447,2018-02-17 15:51,198
1448,2018-02-17 15:51,266
1449,2018-02-17 15:51,222
1450,2018-02-18 16:47,24
1451,2018-02-18 16:47,147
1452,2018-02-18 16:47,26
1453,2018-02-18 16:47,114
1454,2018-02-18 16:47,172
1455,2018-02-20 18:28,274
1456,2018-02-20 18:28,278
1457,2018-02-20 18:28,154
1458,2018-02-20 18:28,148
1459,2018-02-20 18:28,144
1460,2018-02-21 19:57,225
1461,2018-02-21 19:57,185
1462,2018-02-22 21:00,24
1463,2018-02-22 21:00,147
1464,2018-02-22 21:00,28
1465,2018-02-22 21:00,172
1466,2018-02-22 21:00,26
1467,2018-02-24 20:32,144
1468,2018-02-24 20:32,274
1469,2018-02-24 20:32,154
1470,2018-02-24 20:32,278
1471,2018-02-24 20:32,114
1472,2018-02-24 20:32,148
1473,2018-02-24 20:32,228
1474,2018-02-25 14:09,197
1475,2018-02-25 14:09,265
1476,2018-02-28 17:46,274
1477,2018-02-28 17:46,154
1478,2018-02-28 17:46,148
1479,2018-02-28 17:46,158
1480,2018-03-01 18:57,185
1481,2018-03-06 18:33,144
1482,2018-03-06 18:33,274
1483,2018-03-06 18:33,154
1484,2018-03-06 18:33,66
1485,2018-03-07 20:09,197
1486,2018-03-07 20:09,265
1487,2018-03-07 20:09,225
1488,2018-03-11 16:15,274
1489,2018-03-11 16:15,278
1490,2018-03-12 20:08,225
1491,2018-03-12 20:08,185
1492,2018-03-13 18:44,24
1493,2018-03-13 18:44,147
1494,2018-03-13 18:44,26
1495,2018-03-15 21:24,274
1496,2018-03-16 21:26,197
1497,2018-03-16 21:26,198
1498,2018-03-16 21:26,265
1499,2018-03-17 21:28,24
1500,2018-03-17 21:28,26
1501,2018-03-19 19:27,144
1502,2018-03-19 19:27,274
1503,2018-03-19 19:27,154
1504,2018-03-19 19:27,278
1505,2018-03-19 19:27,148
1506,2018-03-20 7:27,225
1507,2018-03-20 7:27,185
1508,2018-03-20 7:27,269
1509,2018-03-21 20:53,24
1510,2018-03-21 20:53,51
1511,2018-03-21 20:53,114
1512,2018-03-23 19:00,274
1513,2018-03-23 19:00,154
1514,2018-03-23 19:00,158
1515,2018-03-23 19:00,66
1516,2018-03-23 19:00,272
1517,2018-03-24 15:52,197
1518,2018-03-24 15:52,198
1519,2018-03-24 15:52,222
1520,2018-03-24 15:52,269
1521,2018-03-25 19:07,24
1522,2018-03-25 19:07,28
1523,2018-03-25 19:07,172
1524,2018-03-25 19:07,26
1525,2018-03-25 19:07,147
1526,2018-03-27 20:18,144
1527,2018-03-27 20:18,274
1528,2018-03-27 20:18,154
1529,2018-03-27 20:18,278
1530,2018-03-27 20:18,148
1531,2018-03-27 20:18,272
1532,2018-03-27 20:18,228
1533,2018-03-28 19:20,225
1534,2018-03-28 19:20,185
1535,2018-03-28 19:20,269
1536,2018-03-28 19:20,222
1537,2018-03-28 19:20,216
1538,2018-03-30 9:32,24
1539,2018-03-30 9:32,51
1540,2018-03-30 9:32,147
1541,2018-03-30 9:32,28
1542,2018-03-30 9:32,172
1543,2018-03-31 9:33,274
1544,2018-03-31 9:33,228
1545,2018-03-31 9:33,154
1546,2018-03-31 9:33,278
1547,2018-04-02 19:57,197
1548,2018-04-02 19:57,266
1549,2018-04-02 19:57,265
1550,2018-04-04 19:55,24
1551,2018-04-04 19:55,172
1552,2018-04-04 19:55,26
1553,2018-04-04 19:55,114
1554,2018-04-05 18:23,274
1555,2018-04-05 18:23,278
1556,2018-04-05 18:23,158
1557,2018-04-07 15:25,225
1558,2018-04-07 15:25,185
1559,2018-04-07 15:25,222
1560,2018-04-07 15:25,216
1561,2018-04-08 21:09,24
1562,2018-04-08 21:09,28
1563,2018-04-08 21:09,172
1564,2018-04-08 21:09,170
1565,2018-04-08 21:09,26
1566,2018-04-09 19:45,274
1567,2018-04-09 19:45,228
1568,2018-04-09 19:45,154
1569,2018-04-09 19:45,278
1570,2018-04-09 19:45,150
1571,2018-04-09 19:45,272
1572,2018-04-11 19:13,197
1573,2018-04-11 19:13,198
1574,2018-04-12 22:42,24
1575,2018-04-12 22:42,28
1576,2018-04-12 22:42,172
1577,2018-04-12 22:42,26
1578,2018-04-12 22:42,65
1579,2018-04-13 18:13,274
1580,2018-04-13 18:13,154
1581,2018-04-13 18:13,158
1582,2018-04-15 17:37,225
1583,2018-04-15 17:37,185
1584,2018-04-15 17:37,269
1585,2018-04-15 17:37,222
1586,2018-04-17 20:11,24
1587,2018-04-17 20:11,28
1588,2018-04-17 20:11,172
1589,2018-04-17 20:11,26
1590,2018-04-18 19:46,197
1591,2018-04-18 19:46,198
1592,2018-04-18 19:46,225
1593,2018-04-18 19:46,222
1594,2018-04-19 19:18,274
1595,2018-04-19 19:18,228
1596,2018-04-19 19:18,154
1597,2018-04-19 19:18,158
1598,2018-04-19 19:18,150
1599,2018-04-21 18:34,24
1600,2018-04-21 18:34,172
1601,2018-04-21 18:34,26
1602,2018-04-21 18:34,28
1603,2018-04-22 14:53,225
1604,2018-04-22 14:53,185
1605,2018-04-22 14:53,269
1606,2018-04-22 14:53,222
1607,2018-04-23 19:27,274
1608,2018-04-23 19:27,154
1609,2018-04-23 19:27,158
1610,2018-04-23 19:27,150
1611,2018-04-23 19:27,231
1612,2018-04-25 20:05,24
1613,2018-04-25 20:05,26
1614,2018-04-26 19:49,197
1615,2018-04-26 19:49,222
1616,2018-04-26 19:49,269
1617,2018-04-26 19:49,198
1618,2018-04-27 18:58,274
1619,2018-04-27 18:58,158
1620,2018-04-30 20:03,225
1621,2018-04-30 20:03,185
1622,2018-04-30 20:03,269
1623,2018-04-30 20:03,222
1624,2018-04-30 20:03,265
1625,2018-05-01 19:35,274
1626,2018-05-01 19:35,154
1627,2018-05-01 19:35,158
1628,2018-05-03 19:55,24
1629,2018-05-03 19:55,172
1630,2018-05-04 18:53,197
1631,2018-05-04 18:53,269
1632,2018-05-04 18:53,198
1633,2018-05-05 18:08,274
1634,2018-05-05 18:08,228
1635,2018-05-05 18:08,66
1636,2018-05-05 18:08,150
1637,2018-05-07 20:09,24
1638,2018-05-07 20:09,26
1639,2018-05-07 20:09,65
1640,2018-05-08 19:33,225
1641,2018-05-08 19:33,185
1642,2018-05-08 19:33,269
1643,2018-05-08 19:33,222
1644,2018-05-09 19:48,274
1645,2018-05-09 19:48,278
1646,2018-05-09 19:48,158
1647,2018-05-09 19:48,228
1648,2018-05-11 18:09,24
1649,2018-05-11 18:09,65
1650,2018-05-11 18:09,28
1651,2018-05-11 18:09,172
1652,2018-05-11 18:09,26
1653,2018-05-12 14:13,197
1654,2018-05-12 14:13,198
1655,2018-05-12 14:13,222
1656,2018-05-12 14:13,269
1657,2018-05-13 14:34,274
1658,2018-05-13 14:34,228
1659,2018-05-13 14:34,154
1660,2018-05-13 14:34,168
1661,2018-05-13 14:34,66
1662,2018-05-15 19:54,24
1663,2018-05-15 19:54,65
1664,2018-05-15 19:54,26
1665,2018-05-16 8:49,225
1666,2018-05-16 8:49,185
1667,2018-05-16 8:49,269
1668,2018-05-17 14:49,274
1669,2018-05-17 14:49,278
1670,2018-05-17 14:49,150
1671,2018-05-19 14:50,24
1672,2018-05-19 14:50,65
1673,2018-05-19 14:50,28
1674,2018-05-19 14:50,26
1675,2018-05-20 10:03,197
1676,2018-05-20 10:03,198
1677,2018-05-20 10:03,222
1678,2018-05-20 10:03,269
1679,2018-05-21 18:57,274
1680,2018-05-21 18:57,148
1681,2018-05-21 18:57,228
1682,2018-05-21 18:57,154
1683,2018-05-21 18:57,158
1684,2018-05-23 19:57,24
1685,2018-05-24 18:00,225
1686,2018-05-24 18:00,185
1687,2018-05-24 18:00,265
1688,2018-05-26 17:40,274
1689,2018-05-26 17:40,148
1690,2018-05-26 17:40,158
1691,2018-05-26 17:40,228
1692,2018-05-27 14:22,24
1693,2018-05-27 14:22,147
1694,2018-05-27 14:22,144
1695,2018-05-28 12:04,197
1696,2018-05-28 12:04,198
1697,2018-05-28 12:04,222
1698,2018-05-30 20:20,274
1699,2018-05-30 20:20,278
1700,2018-05-30 20:20,228
1701,2018-05-30 20:20,154
1702,2018-05-31 19:56,24
1703,2018-05-31 19:56,147
1704,2018-06-01 15:35,225
1705,2018-06-01 15:35,185
1706,2018-06-01 15:35,222
1707,2018-06-03 11:48,274
1708,2018-06-03 11:48,158
1709,2018-06-03 11:48,228
1710,2018-06-05 20:43,24
1711,2018-06-05 20:43,147
1712,2018-06-05 20:43,26
1713,2018-06-06 19:03,197
1714,2018-06-06 19:03,198
1715,2018-06-06 19:03,222
1716,2018-06-07 19:33,274
1717,2018-06-07 19:33,278
1718,2018-06-07 19:33,154
1719,2018-06-07 19:33,150
1720,2018-06-09 12:35,24
1721,2018-06-09 12:35,51
1722,2018-06-09 12:35,147
1723,2018-06-10 13:03,225
1724,2018-06-10 13:03,185
1725,2018-06-10 13:03,222
1726,2018-06-11 18:39,274
1727,2018-06-11 18:39,158
1728,2018-06-11 18:39,66
1729,2018-06-13 19:02,24
1730,2018-06-13 19:02,28
1731,2018-06-13 19:02,147
1732,2018-06-13 19:02,51
1733,2018-06-14 19:58,197
1734,2018-06-14 19:58,265
1735,2018-06-14 19:58,222
1736,2018-06-15 20:34,278
1737,2018-06-15 20:34,228
1738,2018-06-15 20:34,274
1739,2018-06-15 20:34,158
1740,2018-06-15 20:34,148
1741,2018-06-17 16:08,24
1742,2018-06-20 19:19,197
1743,2018-06-20 19:19,265
1744,2018-06-22 17:32,274
1745,2018-06-22 17:32,148
1746,2018-06-22 17:32,158
1747,2018-06-22 17:32,228
1748,2018-06-23 20:45,24
1749,2018-06-24 18:24,225
1750,2018-06-24 18:24,185
1751,2018-06-24 18:24,222
1752,2018-06-26 21:24,24
1753,2018-06-26 21:24,147
1754,2018-06-28 19:51,274
1755,2018-06-28 19:51,158
1756,2018-06-28 19:51,228
1757,2018-06-29 18:57,197
1758,2018-06-29 18:57,198
1759,2018-06-29 18:57,265
1760,2018-06-29 18:57,222
1761,2018-06-30 15:32,24
1762,2018-06-30 15:32,147
1763,2018-07-02 17:20,274
1764,2018-07-02 17:20,278
1765,2018-07-03 18:15,225
1766,2018-07-03 18:15,185
1767,2018-07-04 17:00,24
1768,2018-07-04 17:00,147
1769,2018-07-04 17:00,26
1770,2018-07-06 17:34,274
1771,2018-07-06 17:34,158
1772,2018-07-06 17:34,278
1773,2018-07-07 16:35,197
1774,2018-07-07 16:35,198
1775,2018-07-07 16:35,220
1776,2018-07-07 16:35,222
1777,2018-07-08 8:16,24
1778,2018-07-08 8:16,147
1779,2018-07-08 8:16,51
1780,2018-07-10 6:43,274
1781,2018-07-10 6:43,158
1782,2018-07-10 6:43,278
1783,2018-07-10 6:43,272
1784,2018-07-11 7:00,225
1785,2018-07-11 7:00,185
1786,2018-07-11 7:00,222
1787,2018-07-14 15:01,24
1788,2018-07-14 15:01,147
1789,2018-07-14 15:41,274
1790,2018-07-15 12:54,197
1791,2018-07-15 12:54,198
1792,2018-07-15 12:54,185
1793,2018-07-17 19:42,274
1794,2018-07-17 19:42,278
1795,2018-07-17 19:42,66
1796,2018-07-18 20:03,24
1797,2018-07-18 20:03,147
1798,2018-07-18 20:03,26
1799,2018-07-19 7:14,185
1800,2018-07-21 8:11,272
1801,2018-07-21 8:11,274
1802,2018-07-21 8:11,278
1803,2018-07-21 8:11,150
1804,2018-07-22 8:27,24
1805,2018-07-22 8:27,147
1806,2018-07-22 8:27,26
1807,2018-07-23 7:03,197
1808,2018-07-23 7:03,198
1809,2018-07-23 7:03,265
1810,2018-07-25 7:39,274
1811,2018-07-25 7:39,66
1812,2018-07-25 7:39,158
1813,2018-07-25 7:39,272
1814,2018-07-26 7:13,24
1815,2018-07-26 7:13,147
1816,2018-07-26 7:13,26
1817,2018-07-27 7:37,185
1818,2018-07-27 7:37,225
1819,2018-07-27 7:37,265
1820,2018-07-29 9:06,274
1821,2018-07-29 9:06,278
1822,2018-07-29 9:06,272
1823,2018-07-29 9:06,228
1824,2018-07-30 6:34,24
1825,2018-07-30 6:34,147
1826,2018-07-31 19:23,197
1827,2018-07-31 19:23,198
1828,2018-08-02 22:26,274
1829,2018-08-02 22:26,278
1830,2018-08-02 22:26,272
1831,2018-08-03 19:18,24
1832,2018-08-03 19:18,147
1833,2018-08-03 19:18,26
1834,2018-08-04 12:07,225
1835,2018-08-04 12:07,185
1836,2018-08-04 12:07,222
1837,2018-08-06 6:51,278
1838,2018-08-06 6:51,274
1839,2018-08-06 6:51,272
1840,2018-08-08 20:25,197
1841,2018-08-08 20:25,225
1842,2018-08-10 17:55,24
1843,2018-08-10 17:55,147
1844,2018-08-10 17:55,28
1845,2018-08-11 15:16,274
1846,2018-08-11 15:16,278
1847,2018-08-11 15:16,272
1848,2018-08-12 13:39,225
1849,2018-08-12 13:39,185
1850,2018-08-12 13:39,269
1851,2018-08-14 7:00,24
1852,2018-08-14 7:00,147
1853,2018-08-15 7:22,274
1854,2018-08-15 7:22,278
1855,2018-08-15 7:22,272
1856,2018-08-16 11:44,197
1857,2018-08-16 11:44,265
1858,2018-08-18 9:49,274
1859,2018-08-18 9:49,278
1860,2018-08-19 14:10,24
1861,2018-08-19 14:10,144
1862,2018-08-21 7:01,225
1863,2018-08-21 7:01,185
1864,2018-08-22 7:36,148
1865,2018-08-22 7:36,158
1866,2018-08-22 7:36,150
1867,2018-08-22 7:36,274
1868,2018-08-24 18:45,24
1869,2018-08-24 18:45,147
1870,2018-08-25 21:49,197
1871,2018-08-25 21:49,222
1872,2018-08-25 21:49,198
1873,2018-08-26 13:22,274
1874,2018-08-26 13:22,278
1875,2018-08-26 13:22,150
1876,2018-08-26 13:22,272
1877,2018-08-28 7:16,24
1878,2018-08-28 7:16,26
1879,2018-08-29 7:32,225
1880,2018-08-29 7:32,185
1881,2018-08-30 18:46,274
1882,2018-08-30 18:46,154
1883,2018-08-30 18:46,150
1884,2018-08-30 18:46,272
1885,2018-09-01 11:44,24
1886,2018-09-01 11:44,147
1887,2018-09-02 14:57,197
1888,2018-09-02 14:57,222
1889,2018-09-02 14:57,198
1890,2018-09-03 9:44,274
1891,2018-09-03 9:44,278
1892,2018-09-03 9:44,150
1893,2018-09-03 9:44,272
1894,2018-09-03 9:44,228
1895,2018-09-06 21:59,24
1896,2018-09-06 21:59,28
1897,2018-09-06 21:59,147
1898,2018-09-06 21:59,51
1899,2018-09-06 21:59,144
1900,2018-09-07 21:00,225
1901,2018-09-07 21:00,185
1902,2018-09-07 21:00,222
1903,2018-09-08 13:08,274
1904,2018-09-08 13:08,278
1905,2018-09-08 13:08,150
1906,2018-09-08 13:08,277
1907,2018-09-11 7:05,24
1908,2018-09-11 7:05,26
1909,2018-09-12 7:14,197
1910,2018-09-12 7:14,198
1911,2018-09-12 7:14,265
1912,2018-09-13 20:03,274
1913,2018-09-13 20:03,278
1914,2018-09-13 20:03,150
1915,2018-09-13 20:03,272
1916,2018-09-15 23:00,24
1917,2018-09-15 23:00,144
1918,2018-09-16 18:34,225
1919,2018-09-16 18:34,185
1920,2018-09-16 18:34,222
1921,2018-09-16 18:34,265
1922,2018-09-17 7:29,274
1923,2018-09-17 7:29,278
1924,2018-09-19 21:33,24
1925,2018-09-19 21:33,26
1926,2018-09-20 18:45,197
1927,2018-09-20 18:45,198
1928,2018-09-20 18:45,265
1929,2018-09-21 20:54,274
1930,2018-09-21 20:54,278
1931,2018-09-21 20:54,66
1932,2018-09-21 20:54,272
1933,2018-09-24 21:23,144
1934,2018-09-24 21:23,274
1935,2018-09-24 21:23,66
1936,2018-09-25 19:55,225
1937,2018-09-25 19:55,185
1938,2018-09-25 19:55,222
1939,2018-09-25 19:55,198
1940,2018-09-27 19:58,24
1941,2018-09-27 19:58,65
1942,2018-09-28 18:41,274
1943,2018-09-28 18:41,278
1944,2018-09-28 18:41,272
1945,2018-09-29 14:35,197
1946,2018-09-29 14:35,198
1947,2018-09-29 14:35,222
